mode,document_bytes,batch,runs,edits_per_run,groups_per_run,p50_us_median,p50_us_min,p50_us_max,p95_us_median,p95_us_min,p95_us_max,p99_us_median,p99_us_min,p99_us_max,max_us_median,max_us_min,max_us_max,mean_us_median,mean_us_min,mean_us_max,bytes_written_per_edit,cpu_us_per_group_median,wall_us_per_group_median,validation_us_median,materialization_us_per_group_median,encoding_checksum_us_per_group_median,data_write_us_per_group_median,file_sync_us_per_group_median,rename_dirsync_us_per_group_median
commit-direct,65536,1,3,64,64,264.657,259.057,266.867,331.726,316.887,1048.089,841.491,383.976,1602.582,841.491,383.976,1602.582,280.227,265.389,341.129,65536.0,29.51171875,280.277,34.93,0.033453125,0.0,15.398718749999999,263.56690625,0.0
commit-direct,1048576,1,3,64,64,583.154,580.363,663.693,1193.317,1073.628,1331.265,1991.048,1989.758,4894.535,1991.048,1989.758,4894.535,654.578,633.084,832.731,1048576.0,112.7083125,654.624828125,384.566,0.046875,0.0,72.1501875,580.82809375,0.0
commit-direct,16777216,1,3,12,12,5624.587,5259.931,5727.956,8393.505,6284.369,8450.025,8393.505,6284.369,8450.025,8393.505,6284.369,8450.025,5863.452,5365.801,5946.043,16777216.0,2257.1094166666667,5863.71575,6928.342,0.13416666666666668,0.0,1354.9374166666666,4435.073416666667,0.0
commit-replace,65536,1,3,64,64,516.504,509.494,528.454,990.089,568.964,1469.623,1816.819,1095.067,5724.265,1816.819,1095.067,5724.265,595.912,529.318,647.101,65536.0,85.191828125,595.957671875,40.17,0.03484375,0.0,34.8538125,290.89,257.898671875
commit-replace,1048576,1,3,64,64,945.15,924.849,968.5,1783.97,1660.392,2345.064,2599.74,2538.422,3504.591,2599.74,2538.422,3504.591,1050.071,1039.345,1050.694,1048576.0,234.288703125,1050.1569375,404.116,0.07064062500000001,0.0,133.59825,613.3435937500001,299.06285937499996
commit-replace,16777216,1,3,12,12,7550.725,7448.726,7766.453,9040.498,8595.953,11304.613,9040.498,8595.953,11304.613,9040.498,8595.953,11304.613,7741.305,7711.265,7821.005,16777216.0,3469.3983333333335,7741.607166666667,2857.847,0.12083333333333335,0.0,2481.4121666666665,4605.613833333334,687.53
snapshot-direct,65536,1,3,64,64,263.567,258.538,268.537,402.545,311.796,709.112,1013.459,910.14,3349.332,1013.459,910.14,3349.332,313.756,277.167,327.162,65536.0,29.921765625,313.8656875,37.55,0.036546875,0.0,15.608,296.863171875,0.0
snapshot-direct,1048576,1,3,64,64,600.353,552.354,866.051,1131.357,904.41,24915.78,4558.209,2284.445,26359.764,4558.209,2284.445,26359.764,702.223,597.039,6483.572,1048576.0,131.956328125,702.2885,380.386,0.06217187500000001,0.0,87.657765625,613.0213749999999,0.0
snapshot-direct,16777216,1,3,12,12,5890.924,5763.325,6223.69,8133.979,7078.48,10027.227,8133.979,7078.48,10027.227,8133.979,7078.48,10027.227,6107.179,5883.254,6680.766,16777216.0,2438.5191666666665,6107.468000000001,6416.798,0.36,0.0,1521.1678333333332,4540.149166666667,0.0
snapshot-replace,65536,1,3,64,64,523.104,502.805,534.454,840.55,655.953,1181.506,1724.671,1587.522,1926.089,1724.671,1587.522,1926.089,576.771,558.417,581.247,65536.0,85.99009375,576.822890625,32.54,0.03734375,0.0,35.287140625000006,281.2641875,255.73721875
snapshot-replace,1048576,1,3,64,64,919.53,877.39,968.619,1853.729,1177.307,1985.298,2818.389,2213.135,8171.238,2818.389,2213.135,8171.238,1040.403,923.814,1217.111,1048576.0,225.21225,1040.465640625,398.566,0.06734375000000001,0.0,124.77074999999999,633.1733750000001,280.49015625000004
snapshot-replace,16777216,1,3,12,12,7363.458,7231.279,7835.342,9663.101,8509.434,12005.555,9663.101,8509.434,12005.555,9663.101,8509.434,12005.555,7672.492,7320.267,7916.575,16777216.0,3517.512416666667,7672.762916666667,5484.348,0.1791666666666667,0.0,2396.82475,4697.118833333334,691.09575
wal-aligned,65536,1,3,64,64,236.758,217.178,1682.561,366.606,285.307,10002.157,1797.95,1627.711,10842.638,1797.95,1627.711,10842.638,284.311,271.432,4469.142,4094.75,25.89059375,284.351328125,1151.997,0.037484375,6.838671875,8.459578125,268.628359375,0.0
wal-aligned,65536,16,3,1024,64,244.537,216.457,4386.401,622.643,308.146,11335.173,1925.529,1182.316,13120.373,1929.669,1186.736,13124.853,295.432,278.558,4789.119,255.921875,28.288546875,298.75351562500003,7054.101000000001,0.37109375,8.818546875,7.1588125,280.94178125,0.0
wal-aligned,1048576,1,3,64,64,217.848,217.758,220.617,340.197,277.737,347.406,660.463,319.417,1037.918,660.463,319.417,1037.918,233.777,227.16,239.936,4094.75,25.832546875,233.82065624999998,1982.6179999999997,0.0365625,6.76478125,8.053546875,216.2253125,0.0
wal-aligned,1048576,16,3,1024,64,237.218,220.577,241.607,310.587,260.367,325.406,976.099,312.097,1042.338,980.429,315.897,1046.538,255.411,225.654,260.936,255.921875,28.7021875,258.81178124999997,7887.341000000001,0.37809375,8.625875,7.4835625,239.077796875,0.0
wal-aligned,16777216,1,3,12,12,220.537,215.798,261.997,385.856,364.496,683.672,385.856,364.496,683.672,385.856,364.496,683.672,261.023,235.022,271.652,4089.3333333333335,26.295083333333334,261.0754166666666,9066.998,0.040833333333333326,6.82,8.484,244.6465,0.0
wal-aligned,16777216,16,3,192,12,223.557,223.078,260.138,639.113,341.686,1124.468,642.573,345.846,1127.718,644.203,347.266,1128.278,296.078,233.161,308.263,255.58333333333334,34.738083333333336,300.0733333333333,12840.286,0.3850833333333334,8.799833333333334,11.0875,273.95708333333334,0.0
wal-packed,65536,1,3,64,64,209.808,209.057,217.327,304.607,273.587,327.606,1921.158,900.03,2202.975,1921.158,900.03,2202.975,254.358,225.362,259.805,120.0,15.349390625,254.39542187499998,435.195,0.02703125,0.45392187500000003,4.62090625,248.91421874999997,0.0
wal-packed,65536,16,3,1024,64,215.798,213.468,323.046,297.246,292.047,8321.376,1807.62,1786.61,17743.28,1812.04,1790.999,17747.55,248.272,244.909,2247.012,120.0,28.63384375,251.690609375,6720.165,0.41407812499999996,5.129046875,10.868625,235.5265,0.0
wal-packed,1048576,1,3,64,64,208.477,206.278,209.017,252.147,240.507,271.227,343.386,300.517,841.68,343.386,300.517,841.68,216.649,213.152,220.881,120.0,14.8713125,216.67943749999998,1184.597,0.031546875,0.417328125,4.521984375,211.90590625000002,0.0
wal-packed,1048576,16,3,1024,64,218.248,211.977,227.517,269.647,269.527,523.184,1383.075,813.731,1655.792,1387.265,817.971,1660.092,252.743,230.959,281.995,120.0,26.176671875,256.09275,7576.895,0.378953125,5.001765625,9.355203125,239.790453125,0.0
wal-packed,16777216,1,3,12,12,215.077,212.707,217.637,344.416,323.196,374.456,344.416,323.196,374.456,344.416,323.196,374.456,235.248,228.628,240.019,120.0,20.071916666666667,235.29066666666665,9227.517,0.0475,0.45166666666666666,6.11825,226.6025,0.0
wal-packed,16777216,16,3,192,12,236.827,218.777,257.777,1106.758,260.607,1799.059,1110.038,269.987,1802.339,1111.428,271.767,1802.929,321.851,221.551,496.917,120.0,30.392416666666666,325.5313333333333,10301.185,0.44916666666666666,5.22575,10.388000000000002,306.22891666666663,0.0
